customer_id,customer_name,address,phone,email
1,Angela Bennett,"17954 Brian Forges
Jacobfurt, WV 19464",387-840-4135x0969,victoriabaker@example.org
2,Alexis Rasmussen,"100 Brandy Inlet Apt. 932
Burkeport, IA 63980",001-964-660-5568,maryvillarreal@example.org
3,Kathryn Molina,"237 Gill Rapid Apt. 011
Rachelbury, PW 81608",965.930.2257,angelica11@example.com
4,Becky Bennett,"9413 Cooper Ridges
Port Michael, MI 12932",+1-796-204-5815,johnporter@example.org
5,Elizabeth Jackson,"28791 Harris Mountain Suite 323
North Sheriton, MI 51387",(309)943-7776x31791,kelseymoore@example.com
6,Nichole Miranda,"344 Porter Flat Apt. 038
Walkerfurt, AZ 50730",832-949-9859,jamie74@example.com
7,Michael Baker,"56196 Moran Rapids
Port Kirstenstad, NC 65848",658-359-4809,mbrown@example.net
8,Richard Castaneda,"670 April Village Apt. 421
West Tammy, WV 71620",(980)247-5726x121,seanjohnson@example.net
9,Billy Perry,"89605 Smith Mount Apt. 242
Burnettchester, IA 11376",+1-417-728-7229x358,cynthiapham@example.net
10,Brian Ballard,"483 Espinoza Dam Apt. 640
Lake Michaelstad, DE 78121",(940)786-1103x94885,owilson@example.net
11,Jessica Turner,"6901 Lauren Heights Suite 329
Harristown, WV 54855",001-752-292-5336,waltersmatthew@example.com
12,Lauren Thomas,"81705 Ana Street Suite 750
North James, AL 77407",858-950-1526x326,snowmarie@example.org
13,Angela Rodriguez,"53540 Davis Flat Apt. 035
Kimberlyton, SC 59005",544.753.9863x35374,nguyenkenneth@example.net
14,Theresa Porter,"36879 Mcdonald Corners
Lake Laurashire, GU 32985",706-610-5534x9367,lmiller@example.net
15,Christina Wells,"7641 Jackson Burg Apt. 387
East Johnny, MN 15760",(474)859-3159x6088,cgutierrez@example.org
16,Kathleen Cole,"USCGC Bowman
FPO AE 70147",+1-364-253-9458,shawnsmith@example.net
17,Mr. Eric Daniels,"6623 Lisa Squares Suite 162
East Megan, ND 63482",(456)914-8249,zbarnes@example.org
18,Frank Roman,"58198 Robert Avenue Suite 877
East Sharonberg, VT 58270",954-366-4802x8693,rachaeljones@example.com
19,Julie Cohen,"USCGC Ferrell
FPO AE 81509",4546902035,jacobsolis@example.org
20,Taylor Briggs,"14485 Tami Glen Apt. 754
East Albert, NV 73119",772.817.8136,ikline@example.com
21,Grace Martinez,"1284 Beth Plain Suite 478
Dylanville, PA 57111",+1-905-459-1942x267,fsmith@example.com
22,Vanessa Mendoza,"2141 Schaefer Radial
Tapiaview, WY 26536",(267)526-2514x5445,gchan@example.net
23,William Sawyer,"202 Michael Extensions
Timothyville, ND 28481",001-887-408-4173x7299,gomezhoward@example.net
24,Glenn Silva Jr.,"97830 Lewis Coves
East Saraborough, MT 87673",962.732.3498x69707,sjohnson@example.net
25,Stephanie Soto,"17048 David Loop
Youngton, GU 09888",+1-363-489-9775,derekmurphy@example.com
26,Yvette Brady,"212 Walter Way Apt. 623
Larashire, CO 19303",(334)457-1865,hartlaura@example.com
27,Sarah Durham,"USS Nelson
FPO AA 19245",260-844-2401x470,brandonmoore@example.org
28,Lisa Gonzalez,"1906 Sharon Mountain Apt. 215
Rachelfurt, MT 06105",(447)209-5860x0618,ryansteven@example.com
29,Mark Zuniga,"445 White Harbors Apt. 257
South Monique, NM 52266",792-311-6837,fmonroe@example.net
30,Stacey Bates,"30776 Madeline Harbor
West Roy, MT 53464",(204)722-1220x54244,warrenjoseph@example.com
31,Travis Downs,"05745 Roberts Streets Suite 268
Sampsonbury, NY 78467",+1-888-744-6829x8148,amy85@example.org
32,Jonathan Mann,"160 Michael Inlet
West Rhondatown, NE 66939",+1-347-674-8481x1770,courtneyramirez@example.net
33,Robert Olson,"2754 Robert Corners
Terrystad, TN 17629",538-210-4537x74144,nsmith@example.org
34,Mary Robbins,"24382 Woodard Lake
South Roberttown, CO 03953",001-825-935-5952x94704,josephsmith@example.net
35,Ralph Jones,"71817 Olivia Forges Suite 861
Port Davidburgh, IL 13271",(330)510-5118x9237,michellevaughn@example.com
36,Mary Burnett,"8659 Doyle Pine Apt. 280
East Kyleport, MI 26664",637-504-3119,uwarren@example.com
37,Mark Lewis,"Unit 2802 Box 4086
DPO AE 02976",+1-986-286-1400,kevin77@example.com
38,Michael Cochran,"3680 Robinson Harbors
Port Stephanie, WI 29340",(370)943-0964,cunninghamlisa@example.org
39,Ernest Barnett,"Unit 7403 Box 6276
DPO AA 84095",8893613392,eileenrogers@example.net
40,Tina Young,"330 Mckenzie Ways
Clayberg, IL 48128",3508789252,allenkayla@example.net
41,Rhonda Richard,"Unit 6967 Box 2512
DPO AA 28830",(615)322-7581,moonjustin@example.net
42,Nathan Ramos,"37990 Mendoza Ports
Marcusborough, FM 73902",582.817.6969x9030,harriskathy@example.com
43,Christopher Webb,"008 Roberts Ports Suite 712
Douglastown, AK 75614",568.745.7922,uthompson@example.net
44,William Harris,"4555 Denise Throughway Apt. 709
North Mary, AZ 32039",809.618.9272,michaellloyd@example.net
45,Alexis Hardy,"2213 Bush Viaduct
Karenborough, WY 91667",517-827-2471,reedvictor@example.org
46,John Crawford,"8571 Johnson Plaza Suite 116
Lesliechester, WA 95861",001-521-839-3430,awhite@example.net
47,Christopher Ashley,"799 Kathy Union
Ricetown, OH 39792",001-553-698-8403,terrycollier@example.com
48,Johnny Bryant,"6427 Arthur Fall
South Franktown, NJ 74526",+1-427-439-7417,michael33@example.com
49,George Wells,"USS Jennings
FPO AA 58677",4935503002,warrenmelanie@example.net
50,Maria Berry,"1845 Benitez Extension Suite 525
New Yvetteview, AL 91928",665-982-1639,travis33@example.net
51,Jeffery Delgado,"13108 Dawn Street
Port Fredton, NH 98396",001-901-346-4593x8555,kvance@example.net
52,Lindsey Alvarez,"05775 Johnson Fields Apt. 690
South Donna, MS 99851",733-408-9075x035,wilsonana@example.org
53,Jason Tyler,"9710 Dean Lodge Suite 945
Walkerland, IL 61602",457-895-8981x96469,scox@example.org
54,Joseph Smith,"442 Page Vista Suite 227
Ralphbury, CA 95434",626-235-5908x2301,jessica24@example.net
55,Vanessa Patrick,"41102 Dominique Tunnel
New Steven, NV 45619",9297727818,julie62@example.net
56,Savannah Russell,"7281 Clayton Unions Apt. 216
Alisonville, NM 29788",(438)249-1023x93015,myersjeffery@example.net
57,Gregory Morris,"USNV Tran
FPO AA 10004",266.877.0490x198,dawn82@example.net
58,Alison Tyler,"3008 Johnson Heights
West Brent, MP 67699",(251)829-4479,phillipsanthony@example.com
59,Shelby Stone,"01186 Courtney Street
Lake Courtneymouth, FM 98486",5949852776,josephgreen@example.net
60,Kaitlin Sanchez,"73797 Christopher Courts
East Brianside, LA 81057",(848)351-8940x97619,joseph66@example.org
61,Alexandra Gates,"6218 Sally Green
New Scottview, AR 37556",(885)862-6248x17265,collinslinda@example.net
62,Stephanie Lawson,"9983 Carr Row Apt. 855
New Ryan, NV 73551",442.441.1179,dellis@example.org
63,Teresa Green,"5071 Bradley Shoal Apt. 971
Hoffmanland, MS 29422",887-950-6058,anthony61@example.com
64,Sarah Lewis,"07763 Wong Club Suite 884
South Lisashire, MD 62530",+1-774-773-0510x68487,alyssa04@example.com
65,Daniel Weiss,"43152 Courtney Mountains Apt. 560
East Lonniestad, MA 20109",(798)904-7345x54512,jackmartinez@example.org
66,Brandy Conway,"2279 Luis Park
Jeffreyhaven, MA 03465",778.324.2339x688,malloryperkins@example.net
67,Patricia Hernandez,"PSC 0260, Box 8328
APO AA 07329",251-596-8101x945,sjones@example.net
68,Ashley Bonilla,"Unit 4395 Box 6379
DPO AE 05433",(280)881-1913x24677,yukelly@example.net
69,Dave Williams,"18416 Horton Row
Eileenmouth, TX 87493",967-210-9789,jesusstokes@example.com
70,Crystal Palmer,"730 Bates Gardens Suite 370
West Meganmouth, DE 52384",527-938-0147x783,urubio@example.net
71,Dustin Mills,"Unit 4592 Box 4179
DPO AA 36738",609-451-6569,john03@example.net
72,Amber Carpenter,"620 Johnson Ferry Suite 482
New Cherylmouth, OR 34100",(809)454-9172x73668,tinahooper@example.net
73,Clinton Thomas,"10363 Boone Roads
Fullerport, PR 63889",454.708.5797,jasonwilson@example.com
74,Michele Gibson,"PSC 2007, Box 6533
APO AA 53402",583.226.0068x466,clarkjoseph@example.org
75,Dalton Levy,"Unit 8181 Box 3141
DPO AE 52783",(551)648-6774x78351,aterrell@example.com
76,Wayne Jackson,"90616 Martin Neck
Port Juan, MN 99402",001-636-574-2962x8335,rhart@example.net
77,Sherri Dominguez,"759 Smith Pine Suite 581
South Luis, MD 61288",2864659085,carpenternicholas@example.com
78,Kimberly Hall,"7035 Thompson Circle Apt. 610
Michelleborough, TX 89931",+1-735-429-4625x137,zbeck@example.org
79,Emily Nunez,"57744 Martin Manors Suite 551
New Leahhaven, WA 44655",(694)748-2361,usmith@example.org
80,Cody Peterson,"190 Owens Ferry
Andrewmouth, ID 26247",(708)382-7116,randy02@example.net
81,April Haynes,"92797 Campbell Avenue
Port Stephenchester, MT 20972",(495)725-7787x858,peter44@example.net
82,William Lozano,"7517 Christy Springs
South Jenniferside, WV 96840",001-893-595-0481x02365,scannon@example.com
83,Angel Conley,"617 Odom Courts
Connorbury, PW 83056",(905)551-8145,paulanita@example.com
84,Joshua King,"368 Foley Springs Suite 628
Madelinefurt, NH 14708",747.238.3697,jorgeclay@example.com
85,John Barrera,"8949 Joanna Mall Suite 188
Nicolehaven, AZ 77053",(415)212-2048,alyssa09@example.org
86,Tracy Brown,"USS Barber
FPO AE 46927",(618)487-7214,hayden06@example.com
87,Dana Davis,"87759 Cole Light Suite 015
Kimburgh, MP 14114",669-771-7526x3886,elizabethweaver@example.com
88,Valerie Marquez,"165 Marquez Springs Apt. 766
South Jocelyn, NV 08880",347.202.9831x301,shawndalton@example.org
89,Rachel Paul,"401 Watkins Gateway
New Lisaton, WA 39110",(534)915-3727x7613,janderson@example.net
90,Sabrina Palmer,"6342 Turner Parkways
Ryanshire, NV 57571",+1-689-562-1869x949,pinedalindsey@example.net
91,Susan Walker,"Unit 0156 Box 4263
DPO AA 85272",(357)913-3964x9374,qlopez@example.net
92,Shannon Ortiz,"25450 Eric Summit Apt. 354
East Shanemouth, GA 72440",276-679-9519x577,johnsonjames@example.org
93,Sandra Zuniga,"30585 Bean Drive Apt. 135
Davisstad, OK 67628",895.259.2198,dhernandez@example.org
94,Jeffrey Davenport,"07252 Mitchell Unions
Port Andrew, MS 88416",923.942.7066,fostervictoria@example.net
95,Suzanne Johnson,"05611 David Mountain
South Melissatown, IL 46430",952.547.4405x05868,hernandezrichard@example.net
96,David Young,"104 Potts Dale Suite 834
Edwardberg, IA 15595",+1-971-830-0812x36535,madison03@example.com
97,Theresa Johnson,"745 Thompson Mountain Apt. 478
West Jackson, NV 08245",857-600-1052x5909,slopez@example.com
98,Erika Thomas,"9586 Sanders Square
Murraybury, WV 30771",001-780-745-8119x557,wendy18@example.com
99,Cody Henry,"2167 Tammy Field Apt. 281
Rebeccafort, VA 41640",684-676-2204x1487,dawnalvarez@example.org
100,Reginald Greer,"958 Glover Parkways
North Sharonville, NJ 26040",808.691.0092x966,shawna55@example.com
101,Brianna Dixon,"17550 Diamond Course Apt. 418
West Darrell, RI 46421",001-523-880-5336x0756,snyderdana@example.net
102,Mrs. Shannon Jones,"PSC 6773, Box 4383
APO AE 89433",961.605.0583x0015,dmorgan@example.org
103,Christopher Wolf,"77647 Victoria Ranch
Frankborough, MS 44056",(899)306-1038,ewilliamson@example.org
104,Jessica Simpson,"2578 Reynolds Grove Suite 547
Montgomerychester, FL 62576",507-216-8800x64288,hurstjessica@example.com
105,James Snyder,"Unit 9004 Box 9651
DPO AE 88187",8465805517,espinozatracy@example.org
106,Kevin Scott,"29607 Brandy Mount
Reedside, ID 19241",+1-971-810-5059x39067,christopher23@example.net
107,Bradley Garza,"35061 Joanna Center Apt. 943
Elizabethberg, WI 33965",481-685-3435,ymatthews@example.org
108,Heather Holder,"553 Johnson Club Suite 019
South Rachaelton, WI 04284",731.415.6330x665,keith99@example.net
109,Nicholas Martinez,"USNS Mitchell
FPO AE 69324",+1-809-314-0623x080,tammy58@example.org
110,Troy Davis,"604 Crystal Neck Suite 925
Johnmouth, VI 96860",924.804.9752x7499,bakerjessica@example.org
111,Karen Nichols,"PSC 7202, Box 8519
APO AA 34329",615-398-1486x892,jonesaudrey@example.org
112,John Sanders,"89689 Ross Freeway
Lake Josephburgh, AR 38266",001-827-933-3752x9622,williamwhite@example.org
113,Kelly Dixon,"441 Jacqueline Crossroad
Micheleport, KS 97343",001-367-840-0952x4009,feliciahale@example.org
114,Jessica Gilbert,"2856 Roy Key Suite 815
East Amberton, NJ 41326",001-335-970-6672,caseyrollins@example.org
115,Barbara Taylor,"0467 Stephanie Point Suite 491
Lake Timothyborough, CA 18856",(213)541-9880,raymondsmith@example.net
116,Kristin Wu,"47918 Schmidt Turnpike Apt. 209
North Anthony, NH 69583",752-734-7003x462,davismichael@example.com
117,Scott Webb,"41104 Stefanie Curve
East Paulahaven, PR 80399",+1-972-913-3248x8905,patricia58@example.org
118,Wayne Richards,"PSC 4175, Box 3184
APO AA 20930",(784)435-8257,brownangela@example.net
119,Troy Griffith,"939 Michael Avenue
Zacharyport, UT 39694",(337)622-2272x2021,cburns@example.com
120,Stephanie Wilson,"3829 Johnson Field
Blankenshiptown, NE 18527",241.881.0400,keith76@example.net
121,Mike Hunt,"750 Williams Keys
Port Steven, SD 88610",2209320136,richardspamela@example.com
122,Kimberly Stephens,"354 Daniel Parks
Davidburgh, TN 58700",(257)308-6095,sandramathews@example.org
123,Michael Miller,"0197 Laura Ranch Suite 136
East Jennaport, IL 50121",410.641.9086x841,robertmartinez@example.com
124,Julie Adams,"725 Melissa Extension
Colemanside, MH 59424",737.609.8307x412,stephanie40@example.org
125,Donna Davis,"9545 Michelle Cove
East Garrettfort, NH 59371",786.841.5682x123,matthewjones@example.net
126,Darlene Carter,"PSC 8094, Box 4521
APO AA 76612",7943829770,scooper@example.com
127,Jenny Barajas,"4490 Fleming Hollow
Port Richard, WV 42370",(804)547-5231x2557,katherineharris@example.org
128,Melissa Kelly,"5129 Vanessa Shoals Apt. 231
Hollandfurt, MO 56248",(943)545-0553x77780,kim03@example.org
129,Ronald White,"650 Coleman Way
Mitchellhaven, VT 98284",679.300.8318,laurie88@example.net
130,Hayley Sullivan,"0697 Richard Spur
Helenton, AK 94789",848.473.8091,benjamin73@example.com
131,Jasmine Harvey,"664 Matthew Station
South Staceyborough, AZ 72403",+1-284-526-1304,yshaw@example.com
132,Mark Martin Jr.,"Unit 4469 Box 2113
DPO AA 73458",(626)434-3797x163,tuckermatthew@example.net
133,Amanda Parrish,"01104 Phillips Lake
Zacharyfurt, CT 70383",590-511-7356x9018,eferguson@example.net
134,Angelica Mason,"40692 Laurie Trafficway Suite 629
Saraport, MS 09611",(851)343-6028x998,anthony30@example.org
135,Sharon Wright,"2521 Cruz Knoll
South Teresamouth, MS 03460",351-402-7356x83499,oward@example.net
136,Joe Watson,"182 Morris Roads
East Derrickland, CA 08191",(529)203-1887x87432,norma19@example.net
137,Mrs. Nicole Smith,"985 Lambert Extension Apt. 203
East Matthewmouth, NY 90144",+1-272-329-5365x10798,elizabeth22@example.com
138,Joseph Chambers,"3722 White Mall
Kevinbury, MD 06661",001-696-612-8308,blankenshiprichard@example.net
139,Joel Bass,"79961 Daniel Squares Suite 162
Bookerborough, KY 99486",001-316-808-5714x22558,jennifermay@example.net
140,Monica Holmes,"60386 Miranda Light Suite 223
North John, ND 25485",390.235.6161,lewisfrank@example.org
141,Dustin Williams,"019 Patricia Prairie Apt. 970
New Kelly, ME 52122",886-647-9902,andrew38@example.org
142,Tanya Blake,"7375 Wallace Point Suite 345
Davidfort, IL 21410",931-265-8315,gonzalezdiana@example.com
143,Joseph Contreras,"USNS Villegas
FPO AA 25671",753.464.6418x28348,carpenterbrenda@example.org
144,Aaron Haynes,"8974 Jerry Via
Port Christopherburgh, CO 83055",(708)201-6725,psmith@example.org
145,Johnny Herrera,"909 Deborah Stream Suite 431
East Johnland, RI 66049",+1-946-454-1410x07746,crivera@example.org
146,Robert Chandler,"8467 Smith Hill
East Danielle, MT 99367",001-240-625-1193x114,warrenzachary@example.org
147,Michael Perry,"PSC 2657, Box 6582
APO AP 27569",001-825-811-6837x84380,bvaldez@example.com
148,James Davis,"108 Garcia Isle
Richardbury, OK 45380",+1-358-888-3622,ryankevin@example.com
149,Bailey Nguyen,"66552 Deanna Tunnel Suite 629
Lake Thomas, MA 79752",+1-815-322-4117x744,joshuafernandez@example.com
150,Brandy Baker,"1220 Shane Freeway
Justinfort, VT 60444",+1-990-336-9214,ejohnson@example.com
151,Jasmine Howard,"34435 Lee Junctions Apt. 687
Port Vanessa, NH 73255",972.345.1666x29029,charlespark@example.org
152,David Benton,"87625 Cooke Fields Apt. 180
Castanedaborough, PW 03609",+1-427-912-8057x45730,lisa57@example.net
153,Benjamin Harvey,"49194 Diane Expressway Apt. 874
Lake Angelaton, SC 97734",832.715.6509,fordshannon@example.net
154,Tyler Elliott MD,"129 Hess Knolls Suite 701
Gamblemouth, AS 35278",(563)924-8020,michael55@example.org
155,Ashley Schmidt,"USS Olson
FPO AA 73853",(828)671-7512,owensbrandi@example.com
156,Gary Jackson,"998 Foster Creek Apt. 280
New Davidview, RI 85452",722-286-1930x2651,kristina07@example.com
157,Mr. Marc Drake,"35496 Bradley Hills Suite 196
East Josemouth, CO 46885",001-383-410-3246x92022,angelicarobinson@example.org
158,Joseph Glover,"645 White Spurs
South Brandon, OH 22096",(625)273-9328,edwin77@example.net
159,John Phillips,"021 Hernandez Ville
Brooksburgh, AK 42941",(947)766-0743,triley@example.com
160,Rachel Patterson,"7726 Victor Dale
New Jeremy, MD 14120",001-904-998-5755x0006,ramirezroger@example.org
161,Michele Thompson,"97341 Chelsea Trafficway Apt. 743
East Juan, KS 86053",001-465-466-0645x9126,lambertlisa@example.org
162,Justin Donovan,"5615 Peterson Junction
West Rachelfort, PW 82891",(778)416-3168x401,cowanjordan@example.net
163,Sarah Hutchinson,"3484 David Divide
Port Michelle, GA 26837",+1-238-261-1059,djohnson@example.net
164,Tara Oconnell,"5133 Cunningham Shoals Suite 720
Lake Phillip, AZ 67960",262.858.7304,jimenezraymond@example.net
165,Nicholas Bullock,"492 Gerald Passage Apt. 486
Hubbardville, AK 13376",266-929-9491x0341,ramseydanny@example.org
166,Jasmine Young,"92570 Kevin Springs Suite 718
Brownshire, SC 20987",8284995593,tamara09@example.net
167,Jeremiah Miller,"Unit 0378 Box 8355
DPO AE 27231",880.630.1306x838,iriley@example.com
168,Dr. Joshua Kelly,"50850 Williams Rue Suite 237
Lake Katherinemouth, HI 99010",+1-273-725-1978x09690,vcline@example.org
169,Miranda Johnson,"953 Kaufman Summit
Yangton, OK 48555",(949)376-6044x43156,cwilliams@example.org
170,Lisa Jimenez,"PSC 0559, Box 1192
APO AE 60369",814.624.6884,mhuber@example.com
171,Kevin Mcmillan,"5184 Frank Road Suite 292
Josephville, RI 02344",2419214487,julia91@example.com
172,Donna Park,"993 Lisa Fields Apt. 505
Port Laurenmouth, AS 70670",7399027074,tina31@example.com
173,Katie Cox,"78294 Johnston Ford
Masonberg, TX 85082",512-597-3041x9242,cindy28@example.com
174,Jill Miller,"PSC 2660, Box 1649
APO AP 01564",+1-236-272-2585x591,erin37@example.com
175,James Grant,"90999 Kimberly Track Suite 408
West Samuel, TN 19102",(628)314-8349,boydangela@example.net
176,Ashley English,"782 Thornton Viaduct Suite 159
North Christina, TX 51360",944-657-1503,miguel82@example.net
177,Mary Sims,"031 Rita Estates
West Richardborough, MT 87330",5535494059,lisaedwards@example.org
178,Thomas Parker,"8349 Patricia Meadows Apt. 301
New Katelyn, MO 54396",6157934270,carterbrendan@example.net
179,Denise Mullins,"550 Bell Manor
Smithland, FM 15657",388.539.1327x99446,ralexander@example.org
180,Kathleen Rowe,"9201 Joyce Field
Catherinefort, MP 66752",575.679.8467,guzmanaaron@example.net
181,Randy Garcia,"517 Christian Lock Apt. 961
Nicolechester, NH 77574",215-845-9806x068,xhudson@example.net
182,Andrea Nguyen,"661 Martinez Crescent Apt. 070
New Elizabeth, WV 47152",585.744.1014,espinozakenneth@example.org
183,Karen Gutierrez,"560 Lewis Creek Apt. 102
Terrishire, VT 32314",+1-527-310-6783x82945,michael86@example.net
184,Shane Smith,"647 Estrada Ridge Suite 877
South Colleen, MN 08972",+1-495-626-4695x0045,gerald41@example.com
185,Amanda Jennings,"700 Robert Street Apt. 926
Joeview, PR 41797",(484)557-5654x2302,phillip83@example.net
186,Tony Sanchez,"3416 Medina Knolls
East Michaelville, WA 35085",001-485-919-2805x07618,stephen78@example.com
187,Jacob Moore,"1013 Christopher Mall Apt. 311
Jasonstad, TX 32950",4108060329,williamsdonna@example.net
188,Barbara Moore,"5408 Kevin Radial
East Michellebury, NJ 27945",(574)577-5187x430,ralphblair@example.org
189,Charles Hess,"345 Tyler Pines
Port Elizabeth, OK 06250",782.599.5181x88866,mitchellcassie@example.org
190,Nathaniel Blevins,"001 Ramirez Vista
South Lisaland, NH 49936",570.258.7442x104,kennedyjesse@example.org
191,Emily Ramirez,"114 Robyn Stravenue Suite 717
Morrowton, AS 70544",337-678-2195x8457,zcervantes@example.net
192,Cassidy Harrell,"72513 Torres Passage
Thomastown, AS 86663",+1-204-507-4697x028,kendra92@example.net
193,Evelyn Webster,"446 Brandon Haven Suite 080
Nicholsonhaven, AK 73987",606-835-9908x4781,gabrielle50@example.org
194,Valerie Smith,"PSC 2236, Box 7276
APO AE 59766",+1-677-509-7352x93047,kingphilip@example.org
195,Kelsey Campos,"393 Whitaker Rapid
Kylestad, SC 34388",685.783.3340,derrick04@example.org
196,Carol Chan,"2579 Koch Road Apt. 535
Leemouth, OR 79376",(905)418-3943x09452,jessicapierce@example.net
197,Brandon Lopez,"USCGC Rowe
FPO AA 11975",604.774.5265x43241,wanda77@example.net
198,Larry Owens,"281 Jones Mount
Lake Natalieland, MA 41323",001-759-786-3093x1600,wsmith@example.net
199,Michelle Alexander,"7863 Ayala Inlet
Jenniferbury, PR 89181",778-234-0420,wbrown@example.net
200,Jerry Bennett,"187 Leslie Islands
Port Davidport, NE 67400",001-788-389-0261x43132,uoconnor@example.net
201,Travis Ward,"5092 Santos Stravenue
Lindseyberg, AS 66026",671-313-7129,kramerandrea@example.org
202,Terry Robinson,"USNS Sanders
FPO AP 35116",001-740-840-6482x394,tglover@example.net
203,Christopher Johnson,"0539 Garcia Wall
Pattersonburgh, WI 14624",812-782-4312x026,lawsondanny@example.com
204,Patricia Osborne,"8163 Nguyen Ways
Lake Aaron, HI 36368",001-220-493-4862,powelldominique@example.com
205,Michelle Gibson,"718 Joseph Coves Suite 133
New Christophertown, HI 20416",7356405364,tranjennifer@example.org
206,Rita White,"9622 Burton Manors
West Heatherfurt, ME 80770",969.644.3394x937,jsingh@example.org
207,Sarah Andrews,"13630 Danielle Divide
North Christopher, IL 48103",(951)612-9802x752,greendominic@example.org
208,Ian Hall,"7666 Singleton Land Suite 066
Kristinmouth, DE 93256",+1-742-784-4267x244,ubrown@example.com
209,David Morgan,"516 Lori Spur
North Katherineton, VT 10438",+1-920-463-3879x01120,michaelschaefer@example.org
210,Stephanie Campbell,"975 Lisa Trafficway Apt. 310
Lake Robert, TN 89771",001-721-378-4889x8528,robinsonmichelle@example.net
211,Janet Davis,"87724 Randolph Locks Suite 224
Crystalburgh, KS 73846",+1-479-472-8488,dprice@example.org
212,Christopher Faulkner,"042 Perez Drive Suite 288
Mariahfort, MI 44805",001-235-943-6800x2805,marquezkara@example.com
213,Laura Shaffer,"5108 Mary Plaza Suite 833
Knoxmouth, GA 57544",7476347877,andreablevins@example.net
214,Melanie Mathews,"4520 Murphy Crescent Apt. 748
East Stephanie, FL 95936",(255)366-1939,nancyduncan@example.org
215,Jonathan Proctor,"542 Douglas Terrace Apt. 313
Wigginsmouth, CA 28992",001-574-499-4128x9972,jessicahahn@example.com
216,Michelle Wilson,"52385 Martin Hill Suite 256
South Christopher, MO 57922",3817338373,liuandrew@example.org
217,Sara Reed,"426 Burch Shoals Apt. 939
Jontown, TN 74915",+1-963-366-2769,greenkathryn@example.net
218,Shane Newman,"397 Duncan Throughway Suite 401
Jonesburgh, ND 82183",(425)874-8867,brightmary@example.org
219,Tiffany Bowman,"5024 Kyle Freeway
Millermouth, MD 71953",5757979050,jjohnson@example.com
220,Terrance Wolfe,"644 Pham Flat Apt. 866
Smithville, FL 34241",+1-529-988-5479x146,kyliephelps@example.com
221,Sarah Brown,"68253 George Brooks Apt. 223
Caseyberg, FM 56723",001-253-219-2394x0396,kristinajohnson@example.com
222,Lisa Lopez,"309 William Summit Apt. 313
Petersfort, TN 81313",(507)534-4376,rhondagarza@example.com
223,April Rogers,"127 Brown Port
West Richard, AZ 90464",+1-970-412-2457,williambrooks@example.net
224,Shannon Brooks,"50402 Haley Plains
Amberton, CT 26743",+1-349-348-3688x8482,dflores@example.net
225,Nicholas Hunter,"598 Garcia Street
Michelleville, OK 26907",(288)677-2895,dianajordan@example.com
226,Lisa Perez,"449 Johnson Run
New Danny, LA 00959",001-556-666-4124,ryanstevens@example.com
227,Steven Lee,"629 Rita Mills Apt. 509
Lake Jeffrey, SC 09777",831-901-1323x23800,rsmith@example.com
228,Heather Brown,"048 Murphy Village
Port Patrickborough, NH 72162",626.448.3475x712,tyler90@example.com
229,Christina Sharp,"7142 Chelsea Park
Torresmouth, WV 74044",730-801-5673x39499,vmclean@example.org
230,Jeffrey Smith,"12983 Julie Freeway Suite 443
New Jeffrey, MD 20562",395.399.5426x39010,wrightstephanie@example.com
231,Olivia Robinson,"PSC 9452, Box 6292
APO AE 19022",(599)962-9149x1916,latoyawright@example.net
232,Rebecca Martinez,"034 Sarah Mission
Port Michelle, AK 14792",724.788.9614x57933,marknunez@example.net
233,Joseph Murray,"5625 William Overpass Apt. 799
Grayshire, NM 15182",001-864-260-1016,brenda40@example.com
234,Scott Lewis,"207 Gonzales Mall Suite 838
Port Elizabethview, NC 82942",941.468.8124x352,nicholas90@example.net
235,Robert Abbott,"Unit 2372 Box 0984
DPO AE 95916",+1-611-909-7966x781,bradfordjennifer@example.net
236,Whitney Bell,"791 Adam Well
Patriciahaven, AK 08949",222-878-7368x16846,nharris@example.org
237,Henry Duran,"074 Elizabeth Parkway Suite 417
Alexanderfurt, NV 74589",001-343-823-2151,millerzachary@example.net
238,Mark Romero,"494 Carol Highway Suite 619
Jacksonburgh, MS 37969",(554)683-4417,mathisclaire@example.org
239,Mrs. Stephanie Kelly,"0389 Nicole Keys Apt. 868
East Katiemouth, KY 25325",581-516-5001x38731,cbuck@example.org
240,Barbara Maynard,"3090 Kemp Well
Michaelhaven, PW 34683",001-301-680-3722x92881,stephen94@example.com
241,Peter Hughes,"9111 Jeremiah Forge
Robertchester, FL 93196",258.599.6996x186,sanchezmatthew@example.com
242,Rebecca Morton,"3491 Zimmerman Corner Suite 883
South Mariaborough, MO 24841",+1-255-754-2784x3242,davisrobin@example.net
243,Lisa Wilson,"357 Torres Terrace Suite 130
East Deborah, MS 99786",498.702.1883,david60@example.com
244,Cheryl House,"1272 Ashley Meadows
Juanville, RI 10783",001-533-529-2898x2388,vneal@example.net
245,Misty Navarro,"19792 Luna Fords Suite 134
West Steven, WV 29561",001-972-904-8381x6304,smithtodd@example.net
246,Pedro Johnson,"7173 Jennifer Expressway
Autumntown, NC 95027",+1-391-598-6723x951,austinthomas@example.net
247,David Fitzpatrick,"USS Long
FPO AA 03339",001-388-410-5355,jgreene@example.net
248,David Howard,"894 Daniel Circle
Port Donaldmouth, SD 80771",955-205-9528x9450,johnscott@example.net
249,Andrea Collins,"6961 Mccoy Prairie Suite 577
Perezview, MO 24842",5624392212,htaylor@example.com
250,Robin Powell,"836 Wilson Inlet Suite 405
South James, MN 39133",455-587-7998x9585,qthomas@example.org
251,Sergio Gonzalez,"77192 Chelsea Crest
East Andrealand, WY 57681",+1-583-832-5291x563,joshuageorge@example.org
252,Lisa Bennett,"161 Brandon Extension Apt. 462
Blevinsland, NJ 70345",5895754262,seth75@example.com
253,Juan Vincent,"887 Darren Cove
West Rebeccaborough, IN 13182",+1-643-411-4870,xharrison@example.org
254,Robert Wood,"6408 Bowen Stravenue Suite 839
North Nicole, IN 85884",415.488.9806,foxstephen@example.net
255,Vanessa Crawford,"6857 Miller Spurs Suite 597
New Annahaven, FL 16064",2084949794,mendozaautumn@example.com
256,David Anderson,"4000 Doris Crossing Suite 081
New Elizabethbury, CT 23863",001-276-797-6151x90221,aguirreamanda@example.com
257,Vanessa Potts,"996 Perry Neck
North Albertmouth, TN 32593",721.598.3197x6455,lwalker@example.com
258,John White,"413 Schultz Trafficway Apt. 573
North Nathan, MA 24125",243-942-0731x613,ewilson@example.com
259,Matthew Long,"4475 Marie Island
South Javierborough, NJ 97921",001-524-549-6033,sherrycarson@example.org
260,Sarah Allen,"2349 Stevens Turnpike Suite 897
Chavezfort, MH 48542",818.958.2945x913,ldunlap@example.com
261,Annette Charles,"05999 Pennington Roads
Port Thomasport, OK 44738",+1-567-713-2323x3017,silvaangela@example.net
262,Vickie Sanchez,"6941 Lambert Loop Apt. 363
Lake Aaron, VI 88046",001-905-582-4806,pvasquez@example.net
263,Ashley Bowen,"604 Natalie Courts
Austinchester, TN 72199",9008301424,kathy15@example.com
264,Linda Reyes,"USS Jimenez
FPO AA 62678",001-556-699-5327x141,marciacampbell@example.net
265,Walter Kirby,"6421 Scott Mall
Ashleyfort, CT 41468",450-459-3700x96028,patricia83@example.net
266,Amber Chambers,"5052 Kirk Forges
Floydfort, OK 87777",6209724885,thomasjennifer@example.net
267,Dr. Alexa Sheppard,"70342 Medina Creek Suite 279
Mcphersonbury, ME 73982",(758)526-6278,gsmith@example.org
268,Douglas Lawson,"9181 Perez Locks Suite 935
West Charleshaven, WY 60597",561.905.8979,charlesevans@example.net
269,Elizabeth Mathews,"878 Wu Streets Apt. 174
Mooretown, AL 17918",001-242-790-4257x475,lobrien@example.com
270,Cassandra Bates,"7553 Bell Summit
Waltersstad, CA 60823",6416958183,landrynathaniel@example.net
271,Philip Davis,"PSC 3424, Box 4240
APO AP 83030",862.735.4575x0416,mary30@example.net
272,Monica Meyer,"066 Williams Flats
Hallhaven, IA 69721",412.430.2516,barbara66@example.net
273,Craig Perry,"735 Carlson Pike Suite 266
Ashleyville, GU 76618",2218090313,joshua38@example.com
274,Tracy Lopez,"077 Montgomery Vista Suite 628
Port Tracy, MI 46946",364.750.5157x39968,griffinfelicia@example.org
275,James Moore,"9061 Davis Mill
Kyleborough, MD 74961",001-255-366-9204x47974,carrnicole@example.net
276,Mrs. Frances Mcknight,"4537 Mark Prairie
Lake Hayley, RI 55867",664-864-6587,davisjessica@example.org
277,Zachary Green,"31605 Timothy Underpass
West Rodney, MI 64391",+1-857-250-1584x0555,rochatracey@example.com
278,Darryl Schroeder,"57915 John Canyon
South Anna, MD 92299",950.672.7091x3030,james88@example.net
279,Sean Johnson,"06692 Nelson Mountain Apt. 071
Millerburgh, FM 61076",(641)843-5686,kelly37@example.com
280,Johnny Ford,"575 Allison Mill
East Davidland, VI 83350",640-771-0137,hscott@example.net
281,Michael Taylor,"59423 Barton Mall
Brianatown, DE 99832",(646)274-3069x90031,carterkaren@example.net
282,Krystal Hunt,"99071 Harmon View Apt. 751
West Bradley, WV 80038",(651)937-6506,joseross@example.org
283,Sabrina Holmes,"5838 Beck Ford
Michaelport, AK 07935",525-295-8810x3462,bettycooley@example.org
284,Derrick Rhodes,"817 Pierce Fords Suite 195
Chelsealand, GU 28876",(896)821-0386x3052,hamiltonkristina@example.net
285,Jacob Escobar,"461 Julie Cliffs Suite 455
Jacksonfort, OK 97823",001-335-267-2932,wendy21@example.com
286,Craig Meyers,"732 Strickland Roads Suite 481
Woodsmouth, OK 26416",(851)332-5410x237,colinblankenship@example.com
287,Julian Nixon,"9796 Carter Forks
Monicaton, PR 83049",(454)952-1801x101,david27@example.org
288,Beth Pham,"9179 Carter Roads
Smithstad, NV 31973",+1-209-927-8268x33532,williamhoffman@example.net
289,Micheal Holland,"685 Jessica Motorway Apt. 128
South Craig, SD 46112",3684667797,stewartkelli@example.org
290,Karen Nguyen,"56845 Greene Highway Apt. 206
Christopherton, CT 59363",554.749.4257x806,amanda42@example.com
291,Latasha Morgan,"71595 Nelson Street
West Christy, ME 41091",733-808-6243x33858,carmenscott@example.net
292,Nathaniel King,"40080 Huerta Walks Apt. 207
Meyerfurt, PA 97465",430.847.7854x358,jessechavez@example.com
293,Tracey Berg,"845 Diaz Club Apt. 292
Elliston, LA 35761",251.975.4895,llewis@example.com
294,Heather Weber,"13004 Anthony Harbors
Swansonstad, OR 58649",818.350.0778,joseph03@example.net
295,Samantha Gates,"1689 Debra Ports
Michaelstad, SC 04789",2784519068,francisoneal@example.net
296,Sandra Miller,"6409 Miller Plains Suite 500
Martinezland, HI 78465",(577)328-6515,jlong@example.net
297,Karen Walker,"USNV Foster
FPO AE 08890",914-779-3421x92603,benjaminingram@example.org
298,Sierra Williams,"1489 Evelyn Trail
South Markburgh, GU 29548",958-959-9388,thomasjennifer@example.net
299,Ana Holder,"PSC 1270, Box 5934
APO AP 51889",2696506040,kmarks@example.org
300,Stephen Dunn,"USNS Vargas
FPO AA 07072",001-716-451-4526x569,lrobinson@example.org
301,James Baker,"0705 Sarah Lodge
Johnsonton, KS 01486",362-297-5295,amckay@example.org
302,Sarah Juarez,"950 Nicholas Port Apt. 310
Staffordhaven, WI 47741",+1-562-543-8339x373,zdalton@example.org
303,Ray Reeves,"60340 Michael Loaf Apt. 603
Rayburgh, MH 07139",+1-889-554-8056,mturner@example.net
304,Joshua Harris,"7544 James Mount Apt. 466
Elizabethfort, SD 19776",(693)940-6972x017,ldavis@example.com
305,Elizabeth Nelson,"3481 Matthew Manors
Port Barbara, MT 48489",995-903-4717,rsimmons@example.org
306,Aaron Owens,"17576 Ortiz Spurs
Josephfort, WY 09513",3988221926,nsoto@example.net
307,Latoya Moreno,"414 Corey Place
Port Manuelville, SD 94443",396.793.4948,fryejames@example.org
308,Jeffery Wong,"014 Michael Oval Suite 296
South Maria, PW 37154",995-363-7009,simmonsjohn@example.com
309,Matthew Lopez,"632 Adams Plaza Suite 937
Port John, AZ 43425",001-805-768-8551x459,nancylloyd@example.org
310,Tara Rubio,"137 James Spurs Suite 174
West Arthur, TN 65930",969-754-4189,whitneyangela@example.com
311,Jason Wood,"97479 Ayala Burg
East Davidhaven, TN 81837",+1-537-701-8548x8512,csmith@example.net
312,Matthew Marquez,"4676 Nicole Street Suite 564
New Erica, OH 40608",001-844-493-0525x76630,esharp@example.org
313,Tracy Edwards,"348 Rachel Spurs Apt. 371
South Sabrinaborough, GA 17689",871-597-2520,tsmith@example.com
314,Benjamin Freeman,"8435 Anthony Parkways Suite 864
Flynnland, MT 18295",(210)368-8378x004,darrell98@example.com
315,John Mann,"5162 Shelley Stravenue Apt. 148
Fisherborough, FL 97381",389-427-8644x013,ehenderson@example.net
316,Michelle Wright,"228 Wang Court Apt. 859
Tylerton, WV 99678",528-520-8482x1046,matthewsbrett@example.net
317,Melissa Williams,"688 Moore Coves
South Mariehaven, VT 96745",532-847-0132,joshua99@example.org
318,Dan Holt,"7929 Martinez Mission Apt. 702
New Douglas, ME 52522",8767995772,nathaniel03@example.net
319,Danielle Avery,"343 William Inlet
Port Cynthia, AK 48516",951-776-0839x53042,lauren52@example.net
320,Andrew Leach,"82648 Stephen Ford Suite 226
Cameronmouth, GU 63836",001-680-912-6271,lejohn@example.org
321,Michelle Mcdonald,"USNS Thomas
FPO AA 88352",(265)612-5057,davidjohnson@example.net
322,Jessica Bell,"1979 Parker Lock
Watkinschester, OR 61175",240.245.7897x974,cknapp@example.org
323,Michelle Bond,"28781 Johnson Rapids
Lake Amandaport, MT 07187",903-274-8291x24008,jesusperez@example.org
324,Stephen Lopez,"47102 Bradley Heights
Smithville, PR 48393",908-206-0947,graynicole@example.org
325,Melissa Delacruz,"PSC 0748, Box 3331
APO AP 15875",(569)440-4016x45242,shafferjohn@example.com
326,Jasmine Norris,"2125 Wesley Greens
Callahanton, TX 44724",(990)903-2297x2565,samuelpeterson@example.com
327,Brian Gilmore,"54614 Butler Skyway
New John, PA 91394",001-506-410-5778x0603,gblack@example.org
328,Katrina Phillips,"Unit 7157 Box 2986
DPO AE 85266",608.349.5637x6126,eric17@example.com
329,Robin Sanford,"USNS Ramos
FPO AE 77691",+1-391-954-5906x09013,ugriffin@example.org
330,Stephen Wright,"50725 Mcdaniel Street
East Alexandra, NC 05670",+1-616-704-1330x2188,pagejonathan@example.net
331,Aimee Martin,"0770 Rodriguez Spurs Suite 984
New Ashleytown, AK 72859",+1-247-403-7669x971,ybenson@example.net
332,Jesse Park,"USNV Anderson
FPO AA 76396",670-853-3825x88294,ypoole@example.org
333,Stacy Padilla,"1667 Peck Isle Suite 585
Scottberg, SD 33131",903.628.7964,watkinssusan@example.com
334,Rebecca Patterson,"9340 Kim Well Suite 432
Garyburgh, NM 53765",001-959-549-2568x534,carrillosteven@example.com
335,Julia Carter,"3158 Michael Walk Apt. 711
South Anthonyberg, NY 07095",519-920-7725x79083,eguzman@example.net
336,Cory Cummings,"00112 Nicole Squares Apt. 956
North Brett, NE 10592",+1-983-276-2199x7507,steven09@example.net
337,Taylor Richardson,"PSC 8228, Box 0084
APO AE 21760",+1-449-491-4382,robertjones@example.com
338,Lauren Alexander,"57954 Marcus Mission
Port Jefferybury, AL 85540",730.644.9903,iwinters@example.org
339,Julie Grimes,"271 David Forest
Aaronbury, CA 88491",861.954.8494,tracyfloyd@example.com
340,Steve Costa,"650 Avila Creek
Jessicamouth, FL 55315",7898856191,iadams@example.net
341,Adam Castro,"1209 Mary Locks
Port Juliehaven, NM 38656",001-589-391-9862x24518,yrodgers@example.net
342,Jessica Macdonald,"630 Wells Via
Lake Timothy, NM 53827",399-930-3592x87492,goodmancrystal@example.com
343,Zachary Sanchez,"856 Barnes Falls Suite 013
Martinezchester, MP 13982",949.726.4020x157,caitlinturner@example.net
344,Shirley Ingram,"53382 Ruiz Squares Apt. 269
North David, FL 71303",(478)879-7152,peterstammy@example.org
345,Jeffrey Harris,"0505 Ann Drive
Harrelltown, IL 82808",455.365.0008x28790,richardanderson@example.net
346,Alyssa Fox,"61297 Amy Lodge Suite 992
Craigville, NY 13108",776-368-2881,lisa36@example.net
347,Austin Lara,"1397 Hardy Isle Apt. 952
Thomasview, CO 24541",001-934-233-5168x99124,rjames@example.net
348,Brooke Waller,"056 Hunter Plains Apt. 944
West Ericton, CO 93784",771-528-8847,jacobwilson@example.net
349,Mary Houston,"9055 Gill Freeway Apt. 628
New Jackie, MP 73182",541-950-2791,jessica03@example.com
350,Catherine Mcclain,"214 Johns Loaf
Dustinview, PA 22234",+1-372-506-0417x013,kjohnson@example.com
351,Andrew Ford,"915 Bradford Crescent
North Daniellemouth, NJ 73551",+1-470-948-8485x01690,heather96@example.org
352,Cathy Morales,"6419 Lopez Mission Suite 552
North Leahport, SD 19691",713-416-5890,james53@example.org
353,Samantha Dean,"PSC 9766, Box 5478
APO AE 86475",001-687-255-4064x1872,garciakayla@example.com
354,Lisa Lopez,"3459 Nguyen Key
North Jameshaven, IA 08837",383-305-2820,ftorres@example.net
355,Katrina Mckinney,"9221 Laura Circle
Meganland, SC 54704",(232)215-8211x6458,corey92@example.com
356,Billy Morgan,"Unit 9979 Box 2226
DPO AP 13076",5973139451,amberthompson@example.com
357,Gregory Vega,"394 John Row Suite 385
Scottburgh, DE 45608",(675)635-3128,acampbell@example.org
358,Kelly Garcia,"0301 Mark Rest Apt. 444
North Jasminborough, GU 63300",895.648.9629,maldonadowilliam@example.com
359,Abigail Johnson,"9146 Blake Terrace
Garciafurt, MS 20102",255.753.9111x473,kelly07@example.com
360,Melissa Rosario,"014 Suzanne Via Apt. 271
Lake Christopherchester, WY 53421",448.879.4713,andreafischer@example.net
361,Rebecca Galvan,"5375 Jacob Plain Suite 254
East William, TN 32474",668.680.7543x619,barberclayton@example.com
362,Todd Cook,"9908 Wagner Meadow
East Patrickburgh, OK 93556",(990)305-6094x513,bwiggins@example.org
363,Travis Davenport,"92351 Stevenson Springs
Christinaburgh, AR 84155",851-387-9049x8311,lwalton@example.net
364,William Pineda,"51681 Keller Plaza
Davischester, CA 71581",001-302-236-3135,paulgregory@example.net
365,Jose Boyd,"PSC 3669, Box 4654
APO AP 50403",375-786-3016x209,tanner24@example.com
366,Lori Perkins,"5047 Chen Trace Suite 019
Zacharyfort, KY 28043",001-854-217-1044x98656,matthew25@example.net
367,Robert Rodriguez,"24952 Price River
North Robertview, AZ 73449",001-641-868-6342x0910,ksmith@example.org
368,Christopher Estrada,"7678 Brittany Passage
New Thomas, NH 68238",846-721-2179x6450,heather56@example.com
369,Raymond Green,"160 Ryan Road
Lake Brad, MO 51906",673-276-5873,griffinkrista@example.com
370,Danielle Flores,"58999 Key Street
North Jason, DE 06386",5065628887,audrey90@example.com
371,Rhonda Williams,"4910 Susan Glens
East Cindy, PR 87726",607-585-5701,xboyer@example.org
372,Jamie West,"1738 Janet Turnpike
Port Eric, ID 18921",(441)941-3606,brent04@example.com
373,Christopher Chavez,"77125 Rodriguez Wall Apt. 630
East Judymouth, NY 88725",366.901.4819x2721,ayalacalvin@example.net
374,Tyler Ortiz,"22234 Mckinney Brook
Port Latashaport, DE 50096",+1-761-979-6138x8166,olsenkaren@example.com
375,Jennifer Francis,"Unit 2256 Box 9476
DPO AA 59324",590-863-8757x45847,sdiaz@example.org
376,Olivia Mcdaniel,"Unit 3428 Box 1436
DPO AE 77208",001-601-893-9981x035,thomas08@example.net
377,Michael Ward,"630 Catherine Mountain Suite 116
East Jasonside, TX 22834",+1-461-566-3112x9973,vmclaughlin@example.net
378,Matthew Ruiz,"53253 Henderson Plaza
South Jesusside, NV 10475",+1-631-532-6431x23694,dsherman@example.org
379,Lisa Silva,"35771 Jason River Suite 833
Port Josephside, NY 48487",(331)204-8335x802,sancheznathan@example.org
380,Lee Reynolds,"273 Mcclain Mews Suite 097
Lake Daniel, PR 88959",+1-713-705-0584x99003,theresagarrison@example.org
381,Tina Woodard,"565 Drake Radial
East Natalie, MH 48424",838-914-1423x9511,lauraarroyo@example.net
382,Nicholas Trujillo,"7806 Allen Wall Suite 905
Lake Wesleyberg, MA 71071",878-325-0069x01374,costavanessa@example.org
383,Brooke Rowland,"377 Chad Forges
Robertville, NY 78346",+1-291-519-7021x88733,arnoldjoseph@example.com
384,Thomas Burton,"057 Phillips Estate
New Jonathan, ME 94457",321-452-1859x51449,elizabethjackson@example.com
385,Calvin Cook,"80384 Dale Rapid Apt. 365
Fullertown, ND 62254",+1-582-491-2967x3733,jasonerickson@example.org
386,Lisa Lopez,"9150 Joshua Valley
Smithport, ME 03481",202.527.1687,vcoleman@example.net
387,John Murray,"782 Timothy Station Apt. 993
South Justinburgh, WY 54376",+1-421-922-6759x87416,suzanne34@example.org
388,Catherine Allen,"671 Burton Light Suite 523
East Jenniferview, TX 83899",490.701.8708x413,lisawilliams@example.com
389,Edward Frost,"68642 Castillo Corners Apt. 221
Combsland, WV 03241",742.368.4637x30940,ashley13@example.org
390,Trevor Brown,"8429 David Mission
North Tracy, MP 46730",9716312349,butlerlisa@example.net
391,Marco Whitehead,"70800 Kerry Turnpike Apt. 263
East Ashleyberg, OK 29008",+1-440-404-4450,robert11@example.com
392,Nicole Baldwin,"88995 Michelle Plaza
East Nicole, KY 15745",(291)780-9217x807,glee@example.com
393,James Moyer,"7270 Kelly Trail
Smithview, TX 37958",501.724.7745,morrisonjeffrey@example.net
394,Christian Baldwin,"15781 Ramirez Summit Apt. 322
Lake Monica, MA 06289",220.810.3363,wooddeborah@example.net
395,Michael Anderson,"11014 Gabrielle Tunnel Suite 622
Branditon, PR 89518",001-880-583-8971x708,melissacarter@example.net
396,Taylor Wells,"2251 Pugh Walks Suite 972
West Sara, TX 15710",8352075013,coxmark@example.com
397,Sheri Clark,"USCGC Hoffman
FPO AE 47374",+1-284-310-3826x50370,edward11@example.org
398,Kyle Harris,"742 West Brook Suite 692
Lake Bradleyborough, RI 16074",552.744.4253x64500,coffeylee@example.org
399,Brittany Hill,"68679 Patricia Cliffs
Shannontown, ID 40501",+1-858-643-9981x70549,meagan33@example.net
400,Katelyn Johnson,"58843 Jones Walks
Lake Lindamouth, IN 13282",001-634-481-6970,rreed@example.org
401,Deborah Cooper,"549 Steven Brook Suite 157
Christopherstad, AS 16461",+1-557-317-0111,heatherwhite@example.org
402,Glen Mckee,"82344 Molina Fields
Cassandrachester, CA 60049",290.320.9069,barnesjon@example.com
403,Kenneth Edwards,"746 Roger Skyway
West Danielberg, WI 80049",+1-530-437-4194,laurie59@example.net
404,Larry Ramsey,"026 Juan Groves Suite 859
Aliciaton, VI 41681",001-718-551-8638x341,marcusgomez@example.org
405,Carlos Dawson,"16577 Kidd Road
Lake Paulbury, AL 77371",652-288-3481x043,obrennan@example.com
406,Jeffery Schneider,"887 Rodriguez Brook Apt. 286
Christopherport, MN 66210",(807)939-8100x14702,daringolden@example.org
407,Kimberly Martin,"73029 Kelly Turnpike Suite 208
Amandaborough, CT 60561",380.245.0586x470,stephanie50@example.org
408,Brandy Taylor,"383 Scott Turnpike Suite 792
Tonyside, SD 81520",356-341-1064,fcurry@example.com
409,Christopher Estes,"215 Lisa Springs
West Cheryl, MA 01123",9395480513,jorge07@example.net
410,Sharon Fuller,"3535 Michael Land
Sabrinaland, WY 79553",001-342-648-5280x496,gonzalesdavid@example.org
411,Jon Boyer,"4966 Jonathan Stream
Garciafort, IN 83572",+1-355-653-1540,antonio07@example.org
412,Dr. Jessica Garner,"478 Robert Camp Apt. 065
Grimesfort, NH 30120",001-281-968-5155x988,khopkins@example.net
413,Shannon Dean,"15735 Autumn Neck
Katherineside, MH 80804",927.587.6544x7029,lesliebanks@example.org
414,Michael Perez,"810 Mcclure Ramp Suite 307
North Stacey, AS 09818",(912)270-6817,christianharris@example.org
415,Christine Barnes,"122 Rivera Light Apt. 718
Jonesbury, OK 19897",(508)200-8992,susanferguson@example.net
416,Matthew Spence,"91115 Brittany Wells Apt. 510
Ibarramouth, SD 45675",688.447.5527,christopher33@example.com
417,Erin Allen,"37164 Roberts Square
West Johnfort, DC 55060",001-475-242-1384x41942,sullivandean@example.com
418,Devon Brooks,"90033 Barnes Points Suite 724
North Edwinborough, TN 88659",001-405-277-5798x3282,boylecarlos@example.org
419,Travis Simpson,"5900 Rodriguez Inlet
West Peter, HI 15987",6259755828,nathanclark@example.com
420,Daniel Martinez,"9731 Austin Trace Apt. 893
Rushshire, MS 59743",354.325.4165,jameschapman@example.org
421,Whitney Mays,"37541 Justin Avenue Apt. 834
Josephchester, FM 92463",554-594-1333,davidwilcox@example.org
422,Ashley Zimmerman,"06451 Gonzalez Pass Apt. 896
North Cheryl, MA 55819",(490)615-3727x6902,josephbrooks@example.net
423,Jamie Raymond,"89567 Sarah Trace Suite 843
South Susanchester, UT 31060",340-944-3001,frostscott@example.net
424,Dr. Angela Porter,"PSC 2548, Box 3501
APO AA 80055",794.591.2342x128,sandrabradshaw@example.com
425,Carlos Gilmore,"571 Johnson Camp Suite 960
Port Meganmouth, NC 60667",774-486-8761,anthony36@example.net
426,Christopher Miller,"070 Phillip Unions
Jeremyburgh, SD 03805",(892)840-8705x6042,zwashington@example.com
427,Terri Smith,"PSC 8164, Box 7788
APO AE 51963",989.278.8557x5380,felicia75@example.com
428,Timothy Richardson,"5379 Baker Forest Suite 773
Patriciaport, AR 27656",639-298-4244,rebecca24@example.org
429,Charles Cobb,"694 Roberta Forge Apt. 985
Lake Kimberly, FM 67634",(327)563-6935,gboyd@example.com
430,Bridget Lee,"15109 Reeves Shores Apt. 940
North Julie, KY 22698",450-320-8247x4460,hansonkathryn@example.com
431,Logan Whitaker,"0842 Caroline Drives Suite 386
Joshuaville, MT 52857",418.827.5426x95245,traviskim@example.com
432,Richard Houston,"75778 Roberto Pike
North Kyleland, NC 41056",501-474-9299,dleonard@example.net
433,Matthew Rogers,"16520 Shaw Keys
South Cassandraton, WA 85448",767.668.6683,wilsonamy@example.net
434,Michael Ellis,"94772 Beverly Heights Suite 819
Nicoleport, MS 91269",539-490-3706x960,jessica73@example.net
435,Lauren Martinez,"3628 Martinez Islands
North Chadfort, VT 93142",720.914.3153x534,charles27@example.org
436,Meghan Mendez,"4269 Barron Stravenue
West Marcmouth, NC 19399",+1-495-317-9579,cherylwilliams@example.org
437,Ronald Long,"65411 Brian Crossroad
Baileymouth, ID 42807",+1-450-762-6936x31505,qrosales@example.com
438,Jordan Wood,"48977 Anthony Shore Apt. 456
South Lindahaven, TN 73672",863.423.1605,wilsonjuan@example.org
439,Kevin Hill,"0654 Kirby Springs
South Daniellechester, WY 82320",323.320.9179x5881,williamsjacqueline@example.org
440,Jeffrey Sanders,"782 Sabrina Manors
Rogerland, IA 16353",+1-749-420-5762,idunlap@example.com
441,Sara Price,"6690 Jose Green
Collinsburgh, WY 76907",+1-407-515-3784x4267,timothy00@example.com
442,Patrick Small,"55961 Nguyen Haven
Pearsonton, WI 75505",001-648-485-0521x7336,melissa68@example.com
443,Samantha Pacheco,"348 Long Skyway
South Jose, NM 61415",(917)836-9132x0596,dawn59@example.net
444,Gregory Williams,"1954 Owens Brook Apt. 832
Lake Rickyville, MO 47228",770.377.9069,lmassey@example.org
445,Crystal Allen,"0813 Tracy Ports
Murphyburgh, GU 90367",001-283-424-0995x6408,deannacastro@example.org
446,Andrew Padilla,"866 Lynch Manor
Turnerstad, PR 08351",(331)892-5258x16532,williamsronald@example.net
447,Bonnie Kramer,"990 Angela Grove Apt. 615
Burnsside, VT 53669",830-458-3689x999,roydavis@example.com
448,Timothy Lynch,"7117 Jackson Isle
Brendaville, MO 28251",(946)253-5381x284,gbrown@example.com
449,Jacob Garcia,"3753 Russell Mall Apt. 899
South Samantha, AR 08568",(691)641-6841x2982,johnstonchristopher@example.org
450,Russell Barrett,"9203 Robert Mountain Suite 713
Robertsburgh, AK 54477",3325155635,whenderson@example.net
451,Rhonda Vargas,"133 Justin Camp Suite 545
South David, SC 67031",(715)881-6507x622,joshuamiranda@example.org
452,Blake Campbell,"8016 Gabriel Summit
New Kristen, GU 23295",763-704-8386,melissarussell@example.com
453,Jennifer Murphy,"58472 Jesus Flat
Carolshire, MN 59306",(985)647-5584x568,derrickedwards@example.org
454,Christina Foster,"638 Perez Crescent Suite 665
Scottport, NJ 42951",+1-558-955-7005,rhenry@example.net
455,John Hunter,"70547 Rivas Islands Suite 058
New Paulview, CT 35459",(874)818-7062,patriciamorrison@example.com
456,Adam Cannon,"715 Gonzales Lodge Suite 076
East Theodorefurt, PR 40841",001-811-474-2656x9024,brewerlisa@example.net
457,Traci Rowe,"32194 Martin Passage Suite 314
Denisebury, ME 53588",001-340-945-8873x6247,james14@example.com
458,Audrey Walton,"077 Michelle Vista Apt. 096
New Mark, MO 24017",(464)550-5420x4303,stanleygregory@example.net
459,Ms. Michelle Simmons,"21550 Brennan Island Apt. 208
North Kristen, NY 54042",722-581-4864x831,bjohnston@example.org
460,Megan Valdez,"0724 Tyler Oval
Chavezside, OR 91577",435-383-8140,smckenzie@example.org
461,Joshua Gutierrez,"01018 Wilson Knoll Suite 093
Loriton, GA 20246",+1-757-798-7864,smithjacob@example.net
462,Denise Gomez,"68593 Christensen Ports
Michellebury, FL 65154",9186831171,robert18@example.com
463,Carmen Johnson,"17260 Donovan Ways
Port Aaronberg, OK 62446",(501)894-3229x67245,graymatthew@example.net
464,Dylan Lopez,"710 Nancy Vista Suite 474
Lake Thomas, LA 08817",296.360.4814,ldavidson@example.com
465,Lindsay Hernandez,"96014 English Flats Suite 803
Colonchester, NM 77670",811-480-0299,brandon35@example.net
466,Rebecca Powell,"784 Zoe Ferry Apt. 486
Adriennefort, ND 43770",424.676.6339x910,steven55@example.net
467,Christopher Vaughn,"3322 Martin Circle Suite 103
East Linda, NH 71630",504.566.5942,urivera@example.net
468,Candice Olson,"550 Chad Summit
Lake Kathleen, MH 14008",+1-928-941-6698,craiganthony@example.net
469,Carlos Castillo,"6239 Melissa Gardens Suite 071
North Whitney, TX 55982",+1-281-607-8158x68132,sarahramirez@example.com
470,Derrick Nguyen,"734 Martin Ville Apt. 370
Danielleburgh, WI 99943",6617969609,abigail89@example.com
471,Lynn Grimes,"057 Randy Points
Solisport, NM 75633",669.396.9804x964,lmunoz@example.org
472,Ariel Gentry,"33853 Luis Mills
West Williamfort, GA 11411",(941)891-6746x20566,thomasjohn@example.org
473,Connie Martin,"3620 Jessica Groves
Christinaton, MH 86488",638.304.6466x5848,iporter@example.com
474,Nicole Velazquez,"40412 Taylor Pine Apt. 273
North Shawn, WA 91629",656-361-4243,amysmith@example.com
475,Michael Peters,"030 Scott Valley
Lindseyhaven, UT 05815",001-473-289-1478x596,hbrown@example.org
476,Angela Johnston,"52359 Karla Key Suite 909
West Gregory, MS 55830",3508221258,mary68@example.com
477,Melvin Nash,"214 Deborah Stravenue Suite 966
Colestad, LA 87706",001-250-384-8034,bradshawlaura@example.org
478,Shelby Smith,"057 Scott Plain
Buchananstad, WI 43822",771-652-6777,nwelch@example.org
479,Terry Ward,"Unit 3349 Box 9021
DPO AE 44658",(707)495-3385x0864,edgar53@example.com
480,Jeremy Sutton,"54865 Stewart Radial Suite 381
Port Christopherfurt, FM 05665",(516)729-6494x681,murphydana@example.com
481,David Brady,"5825 Weaver Radial
Taylorside, OR 15156",504.524.3815,jacob16@example.org
482,Shawn Terry,"65081 Zachary Circles
Foxshire, OR 26480",582.551.2466x9128,danielle38@example.com
483,Jacqueline Fowler,"00329 Rodney Centers
Anthonybury, MD 46586",(875)847-1957,jlewis@example.org
484,Eduardo Perez,"104 Jennifer Extensions
Alexanderfurt, AK 78490",+1-626-697-0652x58648,alex61@example.com
485,Scott Moss,"2215 Brandon Extensions
North Lisa, PA 23605",(772)900-8560x00818,rwebb@example.org
486,Amanda Pittman,"70144 Elizabeth Trail Suite 753
East Elijahborough, OR 78153",8478137929,brandon22@example.net
487,Diana French,"994 Carpenter Prairie Apt. 115
New Annburgh, MO 61250",609-928-0916x976,dominiquejohnson@example.org
488,Monica Rivera,"2705 Sherry Locks
Lake Nancy, NM 39417",001-462-696-7308x943,dawnvega@example.org
489,Joshua Harrell,"1924 Robinson Trail Apt. 622
Scottside, MN 98122",414.283.3249x3943,cindygrant@example.net
490,Lisa Norris,"USNS Coleman
FPO AE 76359",+1-376-796-5538x2540,cooperalice@example.net
491,Lauren Avila,"3011 Lee Stravenue Suite 294
West Krististad, AK 96328",001-848-806-3539x140,franciskelly@example.com
492,Brian Reese,"225 Shelley Wells
New Jeremyport, PW 32434",284.329.1302x7042,afox@example.org
493,Ryan Ortega,"5325 Sanders Corners Apt. 742
Rodneyborough, AS 01424",+1-303-748-8576,shannoncastaneda@example.net
494,Teresa Morales,"PSC 9811, Box 6395
APO AE 34486",001-603-436-0509x165,georgealexander@example.com
495,Matthew Miller MD,"41712 Allen Expressway Apt. 482
Port Amy, IA 67662",001-715-876-7549x1062,ingramsamantha@example.net
496,Lauren Simon,"6154 Katrina Center
Gregoryfurt, MP 18165",+1-570-912-4410,amandacruz@example.org
497,Toni Carroll,"2473 Shannon Greens Suite 104
North Joelview, DC 48887",2923718823,angela93@example.org
498,Kelsey Lewis,"5951 Kristin Pass Suite 681
East Jamesville, MN 26371",204-456-0585x6487,robinhernandez@example.net
499,Sarah Allen,"82224 Lisa Port Apt. 076
Kristenfurt, WA 90206",001-540-511-5201x9156,alexander50@example.org
500,Tammy Moore,"6273 Hernandez Dale
Port Karen, MT 36555",923-711-9258x5775,vgrant@example.net
